{
  "o3": 0.811644,
  "pm10": 0.115652,
  "year": 0.047261,
  "no2": 0.00715,
  "co": 0.005367,
  "so2": 0.005079,
  "month": 0.002347,
  "is_dry_season": 0.00225,
  "stasiun_enc": 0.001826,
  "dayofweek": 0.001421
}